{
  "path": "bench/candidates/chatterbox/death-scene.wav",
  "durationSec": 29.04,
  "sampleRate": 24000,
  "f0MeanHz": 174.9,
  "f0RangeHz": 183.26,
  "f0Variance": 826.82,
  "f0StdHz": 28.75,
  "energyMean": 0.063367,
  "energyVariance": 0.00174843,
  "energyStd": 0.041814,
  "voicedFraction": 0.8084,
  "speechRateProxy": 37.89,
  "segmentCount": 36,
  "prosodicDiversity": 126.84,
  "speechRateVariance": 0.005834,
  "sentenceF0Means": [
    211.32,
    190.4,
    181.82,
    176.08,
    174.98,
    195.19,
    166.53,
    190.99,
    189.4,
    193,
    185.92,
    188.96,
    171.31,
    172.51,
    185.94,
    165.32,
    183.49,
    166.68,
    187.22,
    176.23
  ]
}
