{
  "path": "bench/candidates/chatterbox/dialogue-performance.wav",
  "durationSec": 36.48,
  "sampleRate": 24000,
  "f0MeanHz": 193.02,
  "f0RangeHz": 210.46,
  "f0Variance": 1346.18,
  "f0StdHz": 36.69,
  "energyMean": 0.059906,
  "energyVariance": 0.00242705,
  "energyStd": 0.049265,
  "voicedFraction": 0.6067,
  "speechRateProxy": 28.44,
  "segmentCount": 49,
  "prosodicDiversity": 910.07,
  "speechRateVariance": 0.020119,
  "sentenceF0Means": [
    193.3,
    206.65,
    233.93,
    195.87,
    196.44,
    176.73,
    183.2,
    189.21,
    168.4,
    158.46,
    154.11,
    185.39,
    192.72,
    170.55,
    166.2,
    79.56,
    201.18,
    213.02,
    212.61,
    209.42
  ]
}
