{
  "path": "bench/candidates/chatterbox/newscast.wav",
  "durationSec": 22.12,
  "sampleRate": 24000,
  "f0MeanHz": 195.06,
  "f0RangeHz": 267.92,
  "f0Variance": 2809.83,
  "f0StdHz": 53.01,
  "energyMean": 0.041357,
  "energyVariance": 0.00150745,
  "energyStd": 0.038826,
  "voicedFraction": 0.6779,
  "speechRateProxy": 31.78,
  "segmentCount": 51,
  "prosodicDiversity": 870.81,
  "speechRateVariance": 0.009094,
  "sentenceF0Means": [
    185.22,
    227.79,
    159.78,
    217.2,
    197.07,
    227.36,
    183.38,
    161.48,
    154.47,
    189.92,
    205.92,
    144.97,
    149.38,
    147.87,
    231.29,
    224.27,
    220.69,
    216.19,
    151.04,
    163.95
  ]
}
