{
  "path": "bench/candidates/chatterbox/picnic.wav",
  "durationSec": 34.84,
  "sampleRate": 24000,
  "f0MeanHz": 192.39,
  "f0RangeHz": 123.69,
  "f0Variance": 531.03,
  "f0StdHz": 23.04,
  "energyMean": 0.054521,
  "energyVariance": 0.00202514,
  "energyStd": 0.045002,
  "voicedFraction": 0.6597,
  "speechRateProxy": 30.92,
  "segmentCount": 38,
  "prosodicDiversity": 356.11,
  "speechRateVariance": 0.007615,
  "sentenceF0Means": [
    191.1,
    176.26,
    202.78,
    172.94,
    171.31,
    162.67,
    173.97,
    194.18,
    176.28,
    187.44,
    175.65,
    199.18,
    167.72,
    195.1,
    182.76,
    172.18,
    153.77,
    214.4,
    206.91,
    209.21
  ]
}
