{
  "verdict": "GO",
  "findings": [],
  "aggregates": {
    "total": 36,
    "measured": 36,
    "failed": 0,
    "meanWer": 0.1149412865951534,
    "meanConformance": 1,
    "meanRtf": 0.4140001452057462,
    "meanDurationSec": 221.69409675000003,
    "meanF0Variance": null,
    "meanSpeechRate": null,
    "invalidAudio": 0,
    "byEngine": {
      "piper": {
        "n": 18,
        "meanWer": 0.13291925285590525,
        "meanConformance": 1,
        "meanRtf": 0.5474386901664823
      },
      "platform": {
        "n": 18,
        "meanWer": 0.09696332033440161,
        "meanConformance": 1,
        "meanRtf": 0.28056160024501015
      }
    },
    "byProfile": {
      "audiobook": {
        "n": 12,
        "meanWer": 0.11573536902175964,
        "meanConformance": 1,
        "meanRtf": 0.4155700094164268
      },
      "podcast": {
        "n": 12,
        "meanWer": 0.1150787395122256,
        "meanConformance": 1,
        "meanRtf": 0.4230406033652103
      },
      "news": {
        "n": 12,
        "meanWer": 0.11400975125147507,
        "meanConformance": 1,
        "meanRtf": 0.40338982283560126
      }
    },
    "byContentType": {
      "short-article": {
        "n": 12,
        "meanWer": 0.0342979605697527,
        "meanConformance": 1,
        "meanRtf": 0.3188452147805087
      },
      "news": {
        "n": 6,
        "meanWer": 0.09011505408057435,
        "meanConformance": 1,
        "meanRtf": 0.2035268805843766
      },
      "dialogue-script": {
        "n": 12,
        "meanWer": 0.14256124755603586,
        "meanConformance": 1,
        "meanRtf": 0.7113417256037086
      },
      "numbers-and-dates": {
        "n": 6,
        "meanWer": 0.24581424923876913,
        "meanConformance": 1,
        "meanRtf": 0.2201001098816658
      }
    },
    "byLanguage": {
      "en": {
        "n": 24,
        "meanWer": 0.13521964587583005,
        "meanConformance": 1,
        "meanRtf": 0.33595901231645536
      },
      "pt-BR": {
        "n": 12,
        "meanWer": 0.07438456803380021,
        "meanConformance": 1,
        "meanRtf": 0.5700824109843278
      }
    }
  },
  "thresholds": {
    "maxMeanWer": 0.35,
    "minConformance": 0.9,
    "maxInvalidAudio": 0,
    "maxFailRate": 0.05,
    "maxMeanRtf": 5
  }
}
