{
  "batch": "matrix",
  "generatedAt": "2026-07-12T17:04:12.303Z",
  "methodology": {
    "wer": "faster-whisper-asr",
    "pause": "pause-probe-profile-band",
    "whisperEnabled": true,
    "whisperAvailable": true,
    "whisperModel": "tiny",
    "note": "All WER rows are ASR-measured (werIsProxy=false)."
  },
  "aggregates": {
    "total": 8,
    "measured": 8,
    "failed": 0,
    "meanWer": 0.25260944702630983,
    "meanWerMeasured": 0.25260944702630983,
    "meanWerProxy": null,
    "measuredWerCount": 8,
    "proxyWerCount": 0,
    "meanConformance": 0.29775,
    "meanConformanceReal": 0.29775,
    "realPauseCount": 8,
    "proxyPauseCount": 0,
    "meanRtf": 0.42483500743654296,
    "meanDurationSec": 273.496950625,
    "meanF0Variance": null,
    "meanSpeechRate": null,
    "invalidAudio": 0,
    "byEngine": {
      "piper": {
        "n": 4,
        "meanWer": 0.24073138071044342,
        "meanConformance": 0.18625,
        "meanRtf": 0.547496404098727
      },
      "platform": {
        "n": 4,
        "meanWer": 0.2644875133421763,
        "meanConformance": 0.40925,
        "meanRtf": 0.30217361077435895
      }
    },
    "byProfile": {
      "audiobook": {
        "n": 2,
        "meanWer": 0.1911549707602339,
        "meanConformance": 0.5,
        "meanRtf": 0.7918123952438266
      },
      "news": {
        "n": 6,
        "meanWer": 0.2730942724483352,
        "meanConformance": 0.23033333333333336,
        "meanRtf": 0.30250921150078175
      }
    },
    "byContentType": {
      "dialogue-script": {
        "n": 2,
        "meanWer": 0.1911549707602339,
        "meanConformance": 0.5,
        "meanRtf": 0.7918123952438266
      },
      "numbers-and-dates": {
        "n": 2,
        "meanWer": 0.2459016393442623,
        "meanConformance": 0.3215,
        "meanRtf": 0.2614432735623493
      },
      "short-article": {
        "n": 2,
        "meanWer": 0.43162393162393164,
        "meanConformance": 0.275,
        "meanRtf": 0.4411459391805381
      },
      "news": {
        "n": 2,
        "meanWer": 0.14175724637681159,
        "meanConformance": 0.0945,
        "meanRtf": 0.20493842175945778
      }
    },
    "byLanguage": {
      "pt-BR": {
        "n": 3,
        "meanWer": 0.37571225071225073,
        "meanConformance": 0.3236666666666667,
        "meanRtf": 0.5696757821885532
      },
      "en": {
        "n": 5,
        "meanWer": 0.17874776481474533,
        "meanConformance": 0.2822,
        "meanRtf": 0.33793054258533683
      }
    }
  },
  "recommendations": {
    "dialogue-script": {
      "engine": "platform",
      "profile": "audiobook",
      "language": "en",
      "score": 0.7288176463997664,
      "wer": 0.11842105263157894,
      "pauseConformance": 0.579,
      "rtf": 0.7568893222830698,
      "jobId": "en-dialogue-script__platform__audiobook"
    },
    "numbers-and-dates": {
      "engine": "platform",
      "profile": "news",
      "language": "en",
      "score": 0.7121570323405588,
      "wer": 0.16393442622950818,
      "pauseConformance": 0.5,
      "rtf": 0.25918950778386646,
      "jobId": "en-numbers-and-dates__platform__news"
    },
    "short-article": {
      "engine": "piper",
      "profile": "news",
      "language": "pt-BR",
      "score": 0.5047640823344323,
      "wer": 0.23076923076923078,
      "pauseConformance": 0.1,
      "rtf": 0.7616241236587364,
      "jobId": "pt-artigo__piper__news"
    },
    "news": {
      "engine": "platform",
      "profile": "news",
      "language": "en",
      "score": 0.6061742083677621,
      "wer": 0.1431159420289855,
      "pauseConformance": 0.10800000000000001,
      "rtf": 0.07194785832815957,
      "jobId": "en-news__platform__news"
    }
  },
  "rows": [
    {
      "id": "pt-dialogo__piper__audiobook",
      "docId": "pt-dialogo",
      "engine": "piper",
      "language": "pt-BR",
      "profile": "audiobook",
      "contentType": "dialogue-script",
      "outPath": "/private/tmp/trace-sweG30-20260712-163649/farm-output/matrix/pt-dialogo__piper__audiobook.wav",
      "status": "measured",
      "wer": 0.2638888888888889,
      "pauseConformance": 0.42100000000000004,
      "f0Variance": null,
      "speechRate": null,
      "durationSec": 20.590625,
      "rtf": 0.8267354682045834,
      "ms": 17023,
      "bytes": 2965152,
      "validAudio": true,
      "method": {
        "pause": "pause-probe-profile-band",
        "wer": "faster-whisper-tiny"
      },
      "pauseIsProxy": false,
      "pauseDetail": {
        "passed": 8,
        "totalBanded": 19,
        "conformancePct": 42.1
      },
      "werIsProxy": false,
      "hypothesis": "O café estava quase vazio a aquela hora. Você acha que a apresentação foi bem? Sinciramente, acho que perdemos eles nos lá de sete. Aquele com as projeções de receita? Não, aquele onde você mostrou o memidogato sem querer. Mariz, com deu o rosto nas mãos. Era para ser um momento de integração da equipe. E foi, o time nunca esteve tão unido na risada.",
      "whisperElapsedMs": 809
    },
    {
      "id": "en-dialogue-script__platform__audiobook",
      "docId": "en-dialogue-script",
      "engine": "platform",
      "language": "en",
      "profile": "audiobook",
      "contentType": "dialogue-script",
      "outPath": "/private/tmp/trace-sweG30-20260712-163649/farm-output/matrix/en-dialogue-script__platform__audiobook.wav",
      "status": "measured",
      "wer": 0.11842105263157894,
      "pauseConformance": 0.579,
      "f0Variance": null,
      "speechRate": null,
      "durationSec": 23.290063,
      "rtf": 0.7568893222830698,
      "ms": 17628,
      "bytes": 3353872,
      "validAudio": true,
      "method": {
        "pause": "pause-probe-profile-band",
        "wer": "faster-whisper-tiny"
      },
      "pauseIsProxy": false,
      "pauseDetail": {
        "passed": 11,
        "totalBanded": 19,
        "conformancePct": 57.9
      },
      "werIsProxy": false,
      "hypothesis": "the coffee shop was nearly empty at this hour. Do you think the presentation went well? Honestly, I think we lost them at slide 7. The one with the revenue projections? No, the one where you accidentally showed the cat meme. Alice buried her face in her hands. That was supposed to be a team building moment. It was, the team has never been more united in laughter.",
      "whisperElapsedMs": 714
    },
    {
      "id": "en-numbers-and-dates__piper__news",
      "docId": "en-numbers-and-dates",
      "engine": "piper",
      "language": "en",
      "profile": "news",
      "contentType": "numbers-and-dates",
      "outPath": "/private/tmp/trace-sweG30-20260712-163649/farm-output/matrix/en-numbers-and-dates__piper__news.wav",
      "status": "measured",
      "wer": 0.32786885245901637,
      "pauseConformance": 0.14300000000000002,
      "f0Variance": null,
      "speechRate": null,
      "durationSec": 37.960229,
      "rtf": 0.2636970393408322,
      "ms": 10010,
      "bytes": 5466376,
      "validAudio": true,
      "method": {
        "pause": "pause-probe-profile-band",
        "wer": "faster-whisper-tiny"
      },
      "pauseIsProxy": false,
      "pauseDetail": {
        "passed": 2,
        "totalBanded": 14,
        "conformancePct": 14.3
      },
      "werIsProxy": false,
      "hypothesis": "The company raised $4 and $0.27 and Q3 2025. Revenue grew 847% from $12,500 to $118,375. The board meeting is a two. 30pm on March 15, 2021. Call plus 1,55867-5,309 for details. The package weighs 3.7 KG8.15 pounds. Order hash A, 2018 47XL ships from warehouse 14B. The ratio is 16, 9, not 4, 3.",
      "whisperElapsedMs": 950
    },
    {
      "id": "en-numbers-and-dates__platform__news",
      "docId": "en-numbers-and-dates",
      "engine": "platform",
      "language": "en",
      "profile": "news",
      "contentType": "numbers-and-dates",
      "outPath": "/private/tmp/trace-sweG30-20260712-163649/farm-output/matrix/en-numbers-and-dates__platform__news.wav",
      "status": "measured",